mn,sd,med,type,par,ne,class,teo,context,ft
3.49422950405694,0.0172582962522788,3.49484445363342,s,largedata/revise_ft_sep/dsfs_pop3_gf_CG_Exon_teo-hyper_1e+05_ft.RData,1e+05,dsfs,hyper,CG,Exon
6.27157586899203,0.0636156237805169,6.27210314507919,nu,largedata/revise_ft_sep/dsfs_pop3_gf_CG_Exon_teo-hyper_1e+05_ft.RData,1e+05,dsfs,hyper,CG,Exon
5.49247947349033,0.00142408692274257,5.49246585411126,mu,largedata/revise_ft_sep/dsfs_pop3_gf_CG_Exon_teo-hyper_1e+05_ft.RData,1e+05,dsfs,hyper,CG,Exon
3.49582446998155,0.017052638237942,3.49590654664707,s,largedata/revise_ft_sep/dsfs_pop3_gf_CG_Exon_teo-hyper_1e+06_ft.RData,1e+06,dsfs,hyper,CG,Exon
7.27383341491113,0.0631599866768463,7.27301804100342,nu,largedata/revise_ft_sep/dsfs_pop3_gf_CG_Exon_teo-hyper_1e+06_ft.RData,1e+06,dsfs,hyper,CG,Exon
6.49234845994675,0.00141743382985003,6.49234296287652,mu,largedata/revise_ft_sep/dsfs_pop3_gf_CG_Exon_teo-hyper_1e+06_ft.RData,1e+06,dsfs,hyper,CG,Exon
3.49187764209361,0.0172083875150939,3.49222860765533,s,largedata/revise_ft_sep/dsfs_pop3_gf_CG_Exon_teo-hyper_50000_ft.RData,50000,dsfs,hyper,CG,Exon
5.96800552557497,0.0635407351096333,5.96758709593485,nu,largedata/revise_ft_sep/dsfs_pop3_gf_CG_Exon_teo-hyper_50000_ft.RData,50000,dsfs,hyper,CG,Exon
5.19165720015543,0.00139655749679122,5.19164912088912,mu,largedata/revise_ft_sep/dsfs_pop3_gf_CG_Exon_teo-hyper_50000_ft.RData,50000,dsfs,hyper,CG,Exon
3.49611451222762,0.0169429708303662,3.49633318289194,s,largedata/revise_ft_sep/dsfs_pop3_gf_CG_Exon_teo-hyper_5e+05_ft.RData,5e+05,dsfs,hyper,CG,Exon
6.97423450873624,0.0629431773298063,6.97371963426764,nu,largedata/revise_ft_sep/dsfs_pop3_gf_CG_Exon_teo-hyper_5e+05_ft.RData,5e+05,dsfs,hyper,CG,Exon
6.19130904992725,0.00138498894200128,6.19130455492448,mu,largedata/revise_ft_sep/dsfs_pop3_gf_CG_Exon_teo-hyper_5e+05_ft.RData,5e+05,dsfs,hyper,CG,Exon
0.0150459367557533,0.0121081732620402,0.0111951461080492,s,largedata/revise_ft_sep/dsfs_pop3_gf_CG_Exon_teo-hypo_1e+05_ft.RData,1e+05,dsfs,hypo,CG,Exon
5.87523032018601,0.00147285948636713,5.87522198385681,nu,largedata/revise_ft_sep/dsfs_pop3_gf_CG_Exon_teo-hypo_1e+05_ft.RData,1e+05,dsfs,hypo,CG,Exon
4.82145028674029,0.00308026667632954,4.82184141084572,mu,largedata/revise_ft_sep/dsfs_pop3_gf_CG_Exon_teo-hypo_1e+05_ft.RData,1e+05,dsfs,hypo,CG,Exon
0.0184046149270963,0.0150797366050451,0.013559048929634,s,largedata/revise_ft_sep/dsfs_pop3_gf_CG_Exon_teo-hypo_1e+06_ft.RData,1e+06,dsfs,hypo,CG,Exon
6.87524524293072,0.00148269241736588,6.8752402420805,nu,largedata/revise_ft_sep/dsfs_pop3_gf_CG_Exon_teo-hypo_1e+06_ft.RData,1e+06,dsfs,hypo,CG,Exon
5.82066505105584,0.00358185843357414,5.82122434753443,mu,largedata/revise_ft_sep/dsfs_pop3_gf_CG_Exon_teo-hypo_1e+06_ft.RData,1e+06,dsfs,hypo,CG,Exon
0.0122508856580047,0.0103951400455533,0.00892933673153271,s,largedata/revise_ft_sep/dsfs_pop3_gf_CG_Exon_teo-hypo_50000_ft.RData,50000,dsfs,hypo,CG,Exon
5.57421729020327,0.00147594003662194,5.57420493757968,nu,largedata/revise_ft_sep/dsfs_pop3_gf_CG_Exon_teo-hypo_50000_ft.RData,50000,dsfs,hypo,CG,Exon
4.52113170876719,0.00281905555295688,4.52140648110304,mu,largedata/revise_ft_sep/dsfs_pop3_gf_CG_Exon_teo-hypo_50000_ft.RData,50000,dsfs,hypo,CG,Exon
0.0174531430051342,0.014614106112217,0.0127695022830924,s,largedata/revise_ft_sep/dsfs_pop3_gf_CG_Exon_teo-hypo_5e+05_ft.RData,5e+05,dsfs,hypo,CG,Exon
6.57419844412448,0.00149298667277545,6.5742085886548,nu,largedata/revise_ft_sep/dsfs_pop3_gf_CG_Exon_teo-hypo_5e+05_ft.RData,5e+05,dsfs,hypo,CG,Exon
5.51983471283882,0.00351121366996192,5.52041359563434,mu,largedata/revise_ft_sep/dsfs_pop3_gf_CG_Exon_teo-hypo_5e+05_ft.RData,5e+05,dsfs,hypo,CG,Exon
4.14082896154503,0.0073512697446032,4.1410235367577,s,largedata/revise_ft_sep/dsfs_pop3_gf_CG_Gene_down_5k_teo-hyper_1e+05_ft.RData,1e+05,dsfs,hyper,CG,Gene_down_5k
6.76018536057864,0.0472304140547216,6.75996972949009,nu,largedata/revise_ft_sep/dsfs_pop3_gf_CG_Gene_down_5k_teo-hyper_1e+05_ft.RData,1e+05,dsfs,hyper,CG,Gene_down_5k
5.46213076225709,0.000669899648441724,5.4621250516415,mu,largedata/revise_ft_sep/dsfs_pop3_gf_CG_Gene_down_5k_teo-hyper_1e+05_ft.RData,1e+05,dsfs,hyper,CG,Gene_down_5k
4.14112060786248,0.00735341677326178,4.14106238677735,s,largedata/revise_ft_sep/dsfs_pop3_gf_CG_Gene_down_5k_teo-hyper_1e+06_ft.RData,1e+06,dsfs,hyper,CG,Gene_down_5k
7.76037493773501,0.0475015800875084,7.76017035450976,nu,largedata/revise_ft_sep/dsfs_pop3_gf_CG_Gene_down_5k_teo-hyper_1e+06_ft.RData,1e+06,dsfs,hyper,CG,Gene_down_5k
6.46211421400731,0.00067439136027037,6.46211335089649,mu,largedata/revise_ft_sep/dsfs_pop3_gf_CG_Gene_down_5k_teo-hyper_1e+06_ft.RData,1e+06,dsfs,hyper,CG,Gene_down_5k
4.14008515083909,0.00723048321893268,4.13995772659854,s,largedata/revise_ft_sep/dsfs_pop3_gf_CG_Gene_down_5k_teo-hyper_50000_ft.RData,50000,dsfs,hyper,CG,Gene_down_5k
6.45839181571824,0.0474491426697064,6.45855678875971,nu,largedata/revise_ft_sep/dsfs_pop3_gf_CG_Gene_down_5k_teo-hyper_50000_ft.RData,50000,dsfs,hyper,CG,Gene_down_5k
5.16116854491742,0.000658411791545757,5.1611752398418,mu,largedata/revise_ft_sep/dsfs_pop3_gf_CG_Gene_down_5k_teo-hyper_50000_ft.RData,50000,dsfs,hyper,CG,Gene_down_5k
4.14130969715162,0.00739899620440305,4.14143232913071,s,largedata/revise_ft_sep/dsfs_pop3_gf_CG_Gene_down_5k_teo-hyper_5e+05_ft.RData,5e+05,dsfs,hyper,CG,Gene_down_5k
7.45974604629303,0.0475873067385244,7.46017860260084,nu,largedata/revise_ft_sep/dsfs_pop3_gf_CG_Gene_down_5k_teo-hyper_5e+05_ft.RData,5e+05,dsfs,hyper,CG,Gene_down_5k
6.16106103970541,0.000674941693607578,6.16106365258725,mu,largedata/revise_ft_sep/dsfs_pop3_gf_CG_Gene_down_5k_teo-hyper_5e+05_ft.RData,5e+05,dsfs,hyper,CG,Gene_down_5k
1.79404177382734,0.049780515193035,1.79493814771275,s,largedata/revise_ft_sep/dsfs_pop3_gf_CG_Gene_down_5k_teo-hypo_1e+05_ft.RData,1e+05,dsfs,hypo,CG,Gene_down_5k
5.820863058604,0.00183177309191496,5.82087318820914,nu,largedata/revise_ft_sep/dsfs_pop3_gf_CG_Gene_down_5k_teo-hypo_1e+05_ft.RData,1e+05,dsfs,hypo,CG,Gene_down_5k
4.59997058898466,0.00606901739438163,4.59981114768786,mu,largedata/revise_ft_sep/dsfs_pop3_gf_CG_Gene_down_5k_teo-hypo_1e+05_ft.RData,1e+05,dsfs,hypo,CG,Gene_down_5k
1.82952922462143,0.0503167765265036,1.82769475254574,s,largedata/revise_ft_sep/dsfs_pop3_gf_CG_Gene_down_5k_teo-hypo_1e+06_ft.RData,1e+06,dsfs,hypo,CG,Gene_down_5k
6.82171710026698,0.00183278280025992,6.82167861010327,nu,largedata/revise_ft_sep/dsfs_pop3_gf_CG_Gene_down_5k_teo-hypo_1e+06_ft.RData,1e+06,dsfs,hypo,CG,Gene_down_5k
5.59567532363133,0.00606352297529594,5.59586935357345,mu,largedata/revise_ft_sep/dsfs_pop3_gf_CG_Gene_down_5k_teo-hypo_1e+06_ft.RData,1e+06,dsfs,hypo,CG,Gene_down_5k
1.75161346440351,0.0519352313807449,1.74953352158334,s,largedata/revise_ft_sep/dsfs_pop3_gf_CG_Gene_down_5k_teo-hypo_50000_ft.RData,50000,dsfs,hypo,CG,Gene_down_5k
5.5188210583531,0.00184254673293154,5.51880170866207,nu,largedata/revise_ft_sep/dsfs_pop3_gf_CG_Gene_down_5k_teo-hypo_50000_ft.RData,50000,dsfs,hypo,CG,Gene_down_5k
4.30414909222793,0.00639807091071188,4.30430031421364,mu,largedata/revise_ft_sep/dsfs_pop3_gf_CG_Gene_down_5k_teo-hypo_50000_ft.RData,50000,dsfs,hypo,CG,Gene_down_5k
1.82177317341639,0.0554130439030568,1.82388269088417,s,largedata/revise_ft_sep/dsfs_pop3_gf_CG_Gene_down_5k_teo-hypo_5e+05_ft.RData,5e+05,dsfs,hypo,CG,Gene_down_5k
6.5205015318294,0.00192966331105338,6.52049913926669,nu,largedata/revise_ft_sep/dsfs_pop3_gf_CG_Gene_down_5k_teo-hypo_5e+05_ft.RData,5e+05,dsfs,hypo,CG,Gene_down_5k
5.29558556538906,0.00671519524777289,5.29526914024954,mu,largedata/revise_ft_sep/dsfs_pop3_gf_CG_Gene_down_5k_teo-hypo_5e+05_ft.RData,5e+05,dsfs,hypo,CG,Gene_down_5k
4.21463855614968,0.00714136472409115,4.21467494742525,s,largedata/revise_ft_sep/dsfs_pop3_gf_CG_Gene_up_5k_teo-hyper_1e+05_ft.RData,1e+05,dsfs,hyper,CG,Gene_up_5k
6.81628973545264,0.0474454524837792,6.81594872884786,nu,largedata/revise_ft_sep/dsfs_pop3_gf_CG_Gene_up_5k_teo-hyper_1e+05_ft.RData,1e+05,dsfs,hyper,CG,Gene_up_5k
5.45542870362918,0.000654071904600718,5.45542388536926,mu,largedata/revise_ft_sep/dsfs_pop3_gf_CG_Gene_up_5k_teo-hyper_1e+05_ft.RData,1e+05,dsfs,hyper,CG,Gene_up_5k
4.21468712577654,0.00719219054259814,4.21473655662966,s,largedata/revise_ft_sep/dsfs_pop3_gf_CG_Gene_up_5k_teo-hyper_1e+06_ft.RData,1e+06,dsfs,hyper,CG,Gene_up_5k
7.81609989718539,0.0473775291207765,7.81611163952592,nu,largedata/revise_ft_sep/dsfs_pop3_gf_CG_Gene_up_5k_teo-hyper_1e+06_ft.RData,1e+06,dsfs,hyper,CG,Gene_up_5k
6.45542277690493,0.000664082772977521,6.45542230539577,mu,largedata/revise_ft_sep/dsfs_pop3_gf_CG_Gene_up_5k_teo-hyper_1e+06_ft.RData,1e+06,dsfs,hyper,CG,Gene_up_5k
4.2136460263343,0.00702161278842009,4.21375270762272,s,largedata/revise_ft_sep/dsfs_pop3_gf_CG_Gene_up_5k_teo-hyper_50000_ft.RData,50000,dsfs,hyper,CG,Gene_up_5k
6.51367024700156,0.0473326476789014,6.51371762640699,nu,largedata/revise_ft_sep/dsfs_pop3_gf_CG_Gene_up_5k_teo-hyper_50000_ft.RData,50000,dsfs,hyper,CG,Gene_up_5k
5.15447799671626,0.000646636308216392,5.15447737166186,mu,largedata/revise_ft_sep/dsfs_pop3_gf_CG_Gene_up_5k_teo-hyper_50000_ft.RData,50000,dsfs,hyper,CG,Gene_up_5k
4.21450785144518,0.0071490089169196,4.21452479541902,s,largedata/revise_ft_sep/dsfs_pop3_gf_CG_Gene_up_5k_teo-hyper_5e+05_ft.RData,5e+05,dsfs,hyper,CG,Gene_up_5k
7.51459988195806,0.0476555639221957,7.51413058806901,nu,largedata/revise_ft_sep/dsfs_pop3_gf_CG_Gene_up_5k_teo-hyper_5e+05_ft.RData,5e+05,dsfs,hyper,CG,Gene_up_5k
6.15440962534282,0.000644574058519496,6.15440164285392,mu,largedata/revise_ft_sep/dsfs_pop3_gf_CG_Gene_up_5k_teo-hyper_5e+05_ft.RData,5e+05,dsfs,hyper,CG,Gene_up_5k
1.57234673155966,0.0521475954348327,1.56918804882617,s,largedata/revise_ft_sep/dsfs_pop3_gf_CG_Gene_up_5k_teo-hypo_1e+05_ft.RData,1e+05,dsfs,hypo,CG,Gene_up_5k
5.80776697914129,0.0019139727190104,5.80777902842848,nu,largedata/revise_ft_sep/dsfs_pop3_gf_CG_Gene_up_5k_teo-hypo_1e+05_ft.RData,1e+05,dsfs,hypo,CG,Gene_up_5k
4.62731349453532,0.00672557457436808,4.62760342673575,mu,largedata/revise_ft_sep/dsfs_pop3_gf_CG_Gene_up_5k_teo-hypo_1e+05_ft.RData,1e+05,dsfs,hypo,CG,Gene_up_5k
1.60622309237782,0.0568388358351448,1.6038625907543,s,largedata/revise_ft_sep/dsfs_pop3_gf_CG_Gene_up_5k_teo-hypo_1e+06_ft.RData,1e+06,dsfs,hypo,CG,Gene_up_5k
6.80857468413172,0.00196685763225433,6.80855066801154,nu,largedata/revise_ft_sep/dsfs_pop3_gf_CG_Gene_up_5k_teo-hypo_1e+06_ft.RData,1e+06,dsfs,hypo,CG,Gene_up_5k
5.62296747067711,0.00727619191752703,5.62324952269196,mu,largedata/revise_ft_sep/dsfs_pop3_gf_CG_Gene_up_5k_teo-hypo_1e+06_ft.RData,1e+06,dsfs,hypo,CG,Gene_up_5k
1.52325266419761,0.0508504598185365,1.52225839111036,s,largedata/revise_ft_sep/dsfs_pop3_gf_CG_Gene_up_5k_teo-hypo_50000_ft.RData,50000,dsfs,hypo,CG,Gene_up_5k
5.50553728957982,0.00187333000328286,5.50553705074123,nu,largedata/revise_ft_sep/dsfs_pop3_gf_CG_Gene_up_5k_teo-hypo_50000_ft.RData,50000,dsfs,hypo,CG,Gene_up_5k
4.33264478870858,0.00664019282910263,4.33272711598941,mu,largedata/revise_ft_sep/dsfs_pop3_gf_CG_Gene_up_5k_teo-hypo_50000_ft.RData,50000,dsfs,hypo,CG,Gene_up_5k
1.5986423073426,0.0539872606650603,1.60099953193174,s,largedata/revise_ft_sep/dsfs_pop3_gf_CG_Gene_up_5k_teo-hypo_5e+05_ft.RData,5e+05,dsfs,hypo,CG,Gene_up_5k
6.50739298514448,0.00191541050097948,6.50742764219626,nu,largedata/revise_ft_sep/dsfs_pop3_gf_CG_Gene_up_5k_teo-hypo_5e+05_ft.RData,5e+05,dsfs,hypo,CG,Gene_up_5k
5.32291467721436,0.00693346071633754,5.32256157117884,mu,largedata/revise_ft_sep/dsfs_pop3_gf_CG_Gene_up_5k_teo-hypo_5e+05_ft.RData,5e+05,dsfs,hypo,CG,Gene_up_5k
7.54032873231245,0.00975779883382831,7.54033549182983,s,largedata/revise_ft_sep/dsfs_pop3_gf_CG_Intergenic_teo-hyper_1e+05_ft.RData,1e+05,dsfs,hyper,CG,Intergenic
8.46341127231585,0.338333646779033,8.44927347571732,nu,largedata/revise_ft_sep/dsfs_pop3_gf_CG_Intergenic_teo-hyper_1e+05_ft.RData,1e+05,dsfs,hyper,CG,Intergenic
5.35826107007695,0.000530123466211886,5.35826713744641,mu,largedata/revise_ft_sep/dsfs_pop3_gf_CG_Intergenic_teo-hyper_1e+05_ft.RData,1e+05,dsfs,hyper,CG,Intergenic
7.54095096500764,0.00946799227222227,7.54084091069709,s,largedata/revise_ft_sep/dsfs_pop3_gf_CG_Intergenic_teo-hyper_1e+06_ft.RData,1e+06,dsfs,hyper,CG,Intergenic
9.46029973660565,0.339322444981715,9.44564888581925,nu,largedata/revise_ft_sep/dsfs_pop3_gf_CG_Intergenic_teo-hyper_1e+06_ft.RData,1e+06,dsfs,hyper,CG,Intergenic
6.35822489295645,0.00051749663915216,6.35823400362521,mu,largedata/revise_ft_sep/dsfs_pop3_gf_CG_Intergenic_teo-hyper_1e+06_ft.RData,1e+06,dsfs,hyper,CG,Intergenic
7.53880372127687,0.00968193011939964,7.53880627086077,s,largedata/revise_ft_sep/dsfs_pop3_gf_CG_Intergenic_teo-hyper_50000_ft.RData,50000,dsfs,hyper,CG,Intergenic
8.15779675399734,0.338057075453681,8.14376889522946,nu,largedata/revise_ft_sep/dsfs_pop3_gf_CG_Intergenic_teo-hyper_50000_ft.RData,50000,dsfs,hyper,CG,Intergenic
5.05730528714876,0.000527979706875659,5.05730751067089,mu,largedata/revise_ft_sep/dsfs_pop3_gf_CG_Intergenic_teo-hyper_50000_ft.RData,50000,dsfs,hyper,CG,Intergenic
7.5410737099485,0.00944055903939357,7.54112682301039,s,largedata/revise_ft_sep/dsfs_pop3_gf_CG_Intergenic_teo-hyper_5e+05_ft.RData,5e+05,dsfs,hyper,CG,Intergenic
9.16235066546549,0.338447545483176,9.14957713792025,nu,largedata/revise_ft_sep/dsfs_pop3_gf_CG_Intergenic_teo-hyper_5e+05_ft.RData,5e+05,dsfs,hyper,CG,Intergenic
6.05718942848935,0.000516026085816479,6.05719366909988,mu,largedata/revise_ft_sep/dsfs_pop3_gf_CG_Intergenic_teo-hyper_5e+05_ft.RData,5e+05,dsfs,hyper,CG,Intergenic
1.91574259351808,0.0639649417892002,1.91742339075481,s,largedata/revise_ft_sep/dsfs_pop3_gf_CG_Intergenic_teo-hypo_1e+05_ft.RData,1e+05,dsfs,hypo,CG,Intergenic
5.64348924870332,0.00348334443891871,5.64349996381562,nu,largedata/revise_ft_sep/dsfs_pop3_gf_CG_Intergenic_teo-hypo_1e+05_ft.RData,1e+05,dsfs,hypo,CG,Intergenic
4.63855472809005,0.00750976800648005,4.63832778331594,mu,largedata/revise_ft_sep/dsfs_pop3_gf_CG_Intergenic_teo-hypo_1e+05_ft.RData,1e+05,dsfs,hypo,CG,Intergenic
1.96851497089231,0.0670898206944346,1.97154449971196,s,largedata/revise_ft_sep/dsfs_pop3_gf_CG_Intergenic_teo-hypo_1e+06_ft.RData,1e+06,dsfs,hypo,CG,Intergenic
6.64549861222571,0.00356369401805069,6.64558961074282,nu,largedata/revise_ft_sep/dsfs_pop3_gf_CG_Intergenic_teo-hypo_1e+06_ft.RData,1e+06,dsfs,hypo,CG,Intergenic
5.63242438908057,0.00779514170491356,5.63203474435454,mu,largedata/revise_ft_sep/dsfs_pop3_gf_CG_Intergenic_teo-hypo_1e+06_ft.RData,1e+06,dsfs,hypo,CG,Intergenic
1.84501725017383,0.065368078635144,1.84396786988874,s,largedata/revise_ft_sep/dsfs_pop3_gf_CG_Intergenic_teo-hypo_50000_ft.RData,50000,dsfs,hypo,CG,Intergenic
5.33971885451214,0.00352992941071549,5.33968028907402,nu,largedata/revise_ft_sep/dsfs_pop3_gf_CG_Intergenic_teo-hypo_50000_ft.RData,50000,dsfs,hypo,CG,Intergenic
4.34586207532773,0.00779409164811294,4.34590261505662,mu,largedata/revise_ft_sep/dsfs_pop3_gf_CG_Intergenic_teo-hypo_50000_ft.RData,50000,dsfs,hypo,CG,Intergenic
1.96556487169674,0.0674037184160086,1.96533811543845,s,largedata/revise_ft_sep/dsfs_pop3_gf_CG_Intergenic_teo-hypo_5e+05_ft.RData,5e+05,dsfs,hypo,CG,Intergenic
6.34435622495916,0.00357042002092997,6.34435524509296,nu,largedata/revise_ft_sep/dsfs_pop3_gf_CG_Intergenic_teo-hypo_5e+05_ft.RData,5e+05,dsfs,hypo,CG,Intergenic
5.331742049145,0.00781495314539225,5.33175894977254,mu,largedata/revise_ft_sep/dsfs_pop3_gf_CG_Intergenic_teo-hypo_5e+05_ft.RData,5e+05,dsfs,hypo,CG,Intergenic
3.59496055543195,0.0142395062737936,3.59526462848618,s,largedata/revise_ft_sep/dsfs_pop3_gf_CG_Intron_teo-hyper_1e+05_ft.RData,1e+05,dsfs,hyper,CG,Intron
6.32336973228433,0.070243737953929,6.32271512612048,nu,largedata/revise_ft_sep/dsfs_pop3_gf_CG_Intron_teo-hyper_1e+05_ft.RData,1e+05,dsfs,hyper,CG,Intron
5.59155620172825,0.00101149696216404,5.59155466447039,mu,largedata/revise_ft_sep/dsfs_pop3_gf_CG_Intron_teo-hyper_1e+05_ft.RData,1e+05,dsfs,hyper,CG,Intron
3.59605018892739,0.0143246066381024,3.59644154331776,s,largedata/revise_ft_sep/dsfs_pop3_gf_CG_Intron_teo-hyper_1e+06_ft.RData,1e+06,dsfs,hyper,CG,Intron
7.32651365345475,0.0716876116482808,7.32620359309607,nu,largedata/revise_ft_sep/dsfs_pop3_gf_CG_Intron_teo-hyper_1e+06_ft.RData,1e+06,dsfs,hyper,CG,Intron
6.59149471423836,0.000992203722588534,6.59150686495637,mu,largedata/revise_ft_sep/dsfs_pop3_gf_CG_Intron_teo-hyper_1e+06_ft.RData,1e+06,dsfs,hyper,CG,Intron
3.59397765704777,0.0143361672670732,3.59444267809683,s,largedata/revise_ft_sep/dsfs_pop3_gf_CG_Intron_teo-hyper_50000_ft.RData,50000,dsfs,hyper,CG,Intron
6.02160418380417,0.0703882396834738,6.02089238624598,nu,largedata/revise_ft_sep/dsfs_pop3_gf_CG_Intron_teo-hyper_50000_ft.RData,50000,dsfs,hyper,CG,Intron
5.29060881895209,0.000998959039453253,5.29061536370606,mu,largedata/revise_ft_sep/dsfs_pop3_gf_CG_Intron_teo-hyper_50000_ft.RData,50000,dsfs,hyper,CG,Intron
3.59594282773628,0.0142628179542375,3.59629786782409,s,largedata/revise_ft_sep/dsfs_pop3_gf_CG_Intron_teo-hyper_5e+05_ft.RData,5e+05,dsfs,hyper,CG,Intron
7.02498541608356,0.0705040932083407,7.02511714145168,nu,largedata/revise_ft_sep/dsfs_pop3_gf_CG_Intron_teo-hyper_5e+05_ft.RData,5e+05,dsfs,hyper,CG,Intron
6.29046820800076,0.00100156686966105,6.29047165108762,mu,largedata/revise_ft_sep/dsfs_pop3_gf_CG_Intron_teo-hyper_5e+05_ft.RData,5e+05,dsfs,hyper,CG,Intron
1.60345630324366,0.0686594981401704,1.60065557413652,s,largedata/revise_ft_sep/dsfs_pop3_gf_CG_Intron_teo-hypo_1e+05_ft.RData,1e+05,dsfs,hypo,CG,Intron
5.85668613377214,0.00250529732909477,5.85667171637091,nu,largedata/revise_ft_sep/dsfs_pop3_gf_CG_Intron_teo-hypo_1e+05_ft.RData,1e+05,dsfs,hypo,CG,Intron
4.62860458763603,0.00898342697178874,4.62891977622518,mu,largedata/revise_ft_sep/dsfs_pop3_gf_CG_Intron_teo-hypo_1e+05_ft.RData,1e+05,dsfs,hypo,CG,Intron
1.67739608827879,0.0690355498771619,1.6779136058225,s,largedata/revise_ft_sep/dsfs_pop3_gf_CG_Intron_teo-hypo_1e+06_ft.RData,1e+06,dsfs,hypo,CG,Intron
6.85839387077768,0.00249947979245952,6.85836275584878,nu,largedata/revise_ft_sep/dsfs_pop3_gf_CG_Intron_teo-hypo_1e+06_ft.RData,1e+06,dsfs,hypo,CG,Intron
5.61900408481216,0.00885888592153965,5.61880523187103,mu,largedata/revise_ft_sep/dsfs_pop3_gf_CG_Intron_teo-hypo_1e+06_ft.RData,1e+06,dsfs,hypo,CG,Intron
1.53218978996409,0.0633595710631981,1.53097545215059,s,largedata/revise_ft_sep/dsfs_pop3_gf_CG_Intron_teo-hypo_50000_ft.RData,50000,dsfs,hypo,CG,Intron
5.5539936350874,0.00243141077327685,5.55397120999039,nu,largedata/revise_ft_sep/dsfs_pop3_gf_CG_Intron_teo-hypo_50000_ft.RData,50000,dsfs,hypo,CG,Intron
4.3369746368964,0.00845797932041117,4.33706323088569,mu,largedata/revise_ft_sep/dsfs_pop3_gf_CG_Intron_teo-hypo_50000_ft.RData,50000,dsfs,hypo,CG,Intron
1.67468641558271,0.0676899584649336,1.67334232853688,s,largedata/revise_ft_sep/dsfs_pop3_gf_CG_Intron_teo-hypo_5e+05_ft.RData,5e+05,dsfs,hypo,CG,Intron
6.55729848683643,0.00250419436004913,6.55727466214416,nu,largedata/revise_ft_sep/dsfs_pop3_gf_CG_Intron_teo-hypo_5e+05_ft.RData,5e+05,dsfs,hypo,CG,Intron
5.31832448185856,0.00869347436952621,5.31848186999204,mu,largedata/revise_ft_sep/dsfs_pop3_gf_CG_Intron_teo-hypo_5e+05_ft.RData,5e+05,dsfs,hypo,CG,Intron
6.95152949693812,0.00388646390434994,6.95143167840843,s,largedata/revise_ft_sep/dsfs_pop3_gf_CG_TE_teo-hyper_1e+05_ft.RData,1e+05,dsfs,hyper,CG,TE
8.68571850839884,0.108783128490526,8.69141829725698,nu,largedata/revise_ft_sep/dsfs_pop3_gf_CG_TE_teo-hyper_1e+05_ft.RData,1e+05,dsfs,hyper,CG,TE
5.28611022653119,0.000237515139187094,5.28611226652002,mu,largedata/revise_ft_sep/dsfs_pop3_gf_CG_TE_teo-hyper_1e+05_ft.RData,1e+05,dsfs,hyper,CG,TE
6.95172993900662,0.00399524267266117,6.95178620663568,s,largedata/revise_ft_sep/dsfs_pop3_gf_CG_TE_teo-hyper_1e+06_ft.RData,1e+06,dsfs,hyper,CG,TE
9.68647689463615,0.108515350838654,9.69249782143033,nu,largedata/revise_ft_sep/dsfs_pop3_gf_CG_TE_teo-hyper_1e+06_ft.RData,1e+06,dsfs,hyper,CG,TE
6.28609771419029,0.000246515122928168,6.28609459129857,mu,largedata/revise_ft_sep/dsfs_pop3_gf_CG_TE_teo-hyper_1e+06_ft.RData,1e+06,dsfs,hyper,CG,TE
6.95166053381776,0.00394721307875942,6.95166196375462,s,largedata/revise_ft_sep/dsfs_pop3_gf_CG_TE_teo-hyper_50000_ft.RData,50000,dsfs,hyper,CG,TE
8.38525727956557,0.108725118985924,8.39100250062726,nu,largedata/revise_ft_sep/dsfs_pop3_gf_CG_TE_teo-hyper_50000_ft.RData,50000,dsfs,hyper,CG,TE
4.9850715492656,0.000240456311476255,4.98507345558615,mu,largedata/revise_ft_sep/dsfs_pop3_gf_CG_TE_teo-hyper_50000_ft.RData,50000,dsfs,hyper,CG,TE
6.95176051696748,0.00395200890846933,6.95174882021537,s,largedata/revise_ft_sep/dsfs_pop3_gf_CG_TE_teo-hyper_5e+05_ft.RData,5e+05,dsfs,hyper,CG,TE
9.38518157092252,0.108388957007481,9.39071865762332,nu,largedata/revise_ft_sep/dsfs_pop3_gf_CG_TE_teo-hyper_5e+05_ft.RData,5e+05,dsfs,hyper,CG,TE
5.9850672088147,0.000239536765893251,5.98507660932205,mu,largedata/revise_ft_sep/dsfs_pop3_gf_CG_TE_teo-hyper_5e+05_ft.RData,5e+05,dsfs,hyper,CG,TE
1.25857401439984,0.0379852527012732,1.25781091050341,s,largedata/revise_ft_sep/dsfs_pop3_gf_CG_TE_teo-hypo_1e+05_ft.RData,1e+05,dsfs,hypo,CG,TE
5.82736111963,0.00223415249235121,5.82732558380376,nu,largedata/revise_ft_sep/dsfs_pop3_gf_CG_TE_teo-hypo_1e+05_ft.RData,1e+05,dsfs,hypo,CG,TE
4.77488825986433,0.00621006214264624,4.77498766136136,mu,largedata/revise_ft_sep/dsfs_pop3_gf_CG_TE_teo-hypo_1e+05_ft.RData,1e+05,dsfs,hypo,CG,TE
1.27428322457335,0.0354505791401976,1.27245099383748,s,largedata/revise_ft_sep/dsfs_pop3_gf_CG_TE_teo-hypo_1e+06_ft.RData,1e+06,dsfs,hypo,CG,TE
6.82796486422475,0.00215585784842681,6.82796989778878,nu,largedata/revise_ft_sep/dsfs_pop3_gf_CG_TE_teo-hypo_1e+06_ft.RData,1e+06,dsfs,hypo,CG,TE
5.77233204458561,0.00577047981599582,5.77256367820566,mu,largedata/revise_ft_sep/dsfs_pop3_gf_CG_TE_teo-hypo_1e+06_ft.RData,1e+06,dsfs,hypo,CG,TE
1.23553117646903,0.0361743062217984,1.23529044788825,s,largedata/revise_ft_sep/dsfs_pop3_gf_CG_TE_teo-hypo_50000_ft.RData,50000,dsfs,hypo,CG,TE
5.52544602947186,0.00216619897240263,5.5254598953033,nu,largedata/revise_ft_sep/dsfs_pop3_gf_CG_TE_teo-hypo_50000_ft.RData,50000,dsfs,hypo,CG,TE
4.47763136277055,0.00597012239710363,4.47768610499423,mu,largedata/revise_ft_sep/dsfs_pop3_gf_CG_TE_teo-hypo_50000_ft.RData,50000,dsfs,hypo,CG,TE
1.27553802873095,0.0362687684497807,1.27373834784933,s,largedata/revise_ft_sep/dsfs_pop3_gf_CG_TE_teo-hypo_5e+05_ft.RData,5e+05,dsfs,hypo,CG,TE
6.52700709893862,0.00219249849521155,6.52698143040938,nu,largedata/revise_ft_sep/dsfs_pop3_gf_CG_TE_teo-hypo_5e+05_ft.RData,5e+05,dsfs,hypo,CG,TE
5.47110909366261,0.0058866200329174,5.47134324989483,mu,largedata/revise_ft_sep/dsfs_pop3_gf_CG_TE_teo-hypo_5e+05_ft.RData,5e+05,dsfs,hypo,CG,TE
3.77349040987422,0.0481625296032967,3.77685930985328,s,largedata/revise_ft_sep/dsfs_pop3_gf_CHG_Exon_teo-hyper_1e+05_ft.RData,1e+05,dsfs,hyper,CHG,Exon
5.84487667942213,0.0783144061170616,5.84609781200893,nu,largedata/revise_ft_sep/dsfs_pop3_gf_CHG_Exon_teo-hyper_1e+05_ft.RData,1e+05,dsfs,hyper,CHG,Exon
5.24807655731885,0.00230934922537196,5.24802325430993,mu,largedata/revise_ft_sep/dsfs_pop3_gf_CHG_Exon_teo-hyper_1e+05_ft.RData,1e+05,dsfs,hyper,CHG,Exon
3.78511341688883,0.0459686713576801,3.78971711166546,s,largedata/revise_ft_sep/dsfs_pop3_gf_CHG_Exon_teo-hyper_1e+06_ft.RData,1e+06,dsfs,hyper,CHG,Exon
6.85883815683248,0.0755577938938913,6.86132621487847,nu,largedata/revise_ft_sep/dsfs_pop3_gf_CHG_Exon_teo-hyper_1e+06_ft.RData,1e+06,dsfs,hyper,CHG,Exon
6.24751674443212,0.00226471169372918,6.24751421132939,mu,largedata/revise_ft_sep/dsfs_pop3_gf_CHG_Exon_teo-hyper_1e+06_ft.RData,1e+06,dsfs,hyper,CHG,Exon
3.76467600113436,0.0492318853617754,3.76722952446908,s,largedata/revise_ft_sep/dsfs_pop3_gf_CHG_Exon_teo-hyper_50000_ft.RData,50000,dsfs,hyper,CHG,Exon
5.53369289097106,0.0781587613569442,5.5333164111388,nu,largedata/revise_ft_sep/dsfs_pop3_gf_CHG_Exon_teo-hyper_50000_ft.RData,50000,dsfs,hyper,CHG,Exon
4.9475004584925,0.00231567646558857,4.94750309290321,mu,largedata/revise_ft_sep/dsfs_pop3_gf_CHG_Exon_teo-hyper_50000_ft.RData,50000,dsfs,hyper,CHG,Exon
3.78439716014838,0.0464465284041055,3.78696894943999,s,largedata/revise_ft_sep/dsfs_pop3_gf_CHG_Exon_teo-hyper_5e+05_ft.RData,5e+05,dsfs,hyper,CHG,Exon
6.5568554268984,0.0773780988704449,6.55585543095159,nu,largedata/revise_ft_sep/dsfs_pop3_gf_CHG_Exon_teo-hyper_5e+05_ft.RData,5e+05,dsfs,hyper,CHG,Exon
5.9465034991934,0.00224180530781902,5.94648722351074,mu,largedata/revise_ft_sep/dsfs_pop3_gf_CHG_Exon_teo-hyper_5e+05_ft.RData,5e+05,dsfs,hyper,CHG,Exon
0.0028175659478951,0.00245749608016208,0.001984463687537,s,largedata/revise_ft_sep/dsfs_pop3_gf_CHG_Exon_teo-hypo_1e+05_ft.RData,1e+05,dsfs,hypo,CHG,Exon
5.95925439076365,0.00150452557499447,5.95924387664292,nu,largedata/revise_ft_sep/dsfs_pop3_gf_CHG_Exon_teo-hypo_1e+05_ft.RData,1e+05,dsfs,hypo,CHG,Exon
4.63935736516895,0.00200481898322778,4.6393338441746,mu,largedata/revise_ft_sep/dsfs_pop3_gf_CHG_Exon_teo-hypo_1e+05_ft.RData,1e+05,dsfs,hypo,CHG,Exon
0.0029669689441917,0.00259028782807178,0.00209483540890764,s,largedata/revise_ft_sep/dsfs_pop3_gf_CHG_Exon_teo-hypo_1e+06_ft.RData,1e+06,dsfs,hypo,CHG,Exon
6.95913922717533,0.00150348879523656,6.95915284402017,nu,largedata/revise_ft_sep/dsfs_pop3_gf_CHG_Exon_teo-hypo_1e+06_ft.RData,1e+06,dsfs,hypo,CHG,Exon
5.63914878803921,0.00201359733278128,5.63913730226621,mu,largedata/revise_ft_sep/dsfs_pop3_gf_CHG_Exon_teo-hypo_1e+06_ft.RData,1e+06,dsfs,hypo,CHG,Exon
0.00273782949651,0.00241741646024184,0.00191420064527006,s,largedata/revise_ft_sep/dsfs_pop3_gf_CHG_Exon_teo-hypo_50000_ft.RData,50000,dsfs,hypo,CHG,Exon
5.65835509144564,0.00149448962822061,5.65835014800193,nu,largedata/revise_ft_sep/dsfs_pop3_gf_CHG_Exon_teo-hypo_50000_ft.RData,50000,dsfs,hypo,CHG,Exon
4.33855970229449,0.00198990665706806,4.33857243456782,mu,largedata/revise_ft_sep/dsfs_pop3_gf_CHG_Exon_teo-hypo_50000_ft.RData,50000,dsfs,hypo,CHG,Exon
0.00296907897128268,0.00261110029226377,0.00209171607064268,s,largedata/revise_ft_sep/dsfs_pop3_gf_CHG_Exon_teo-hypo_5e+05_ft.RData,5e+05,dsfs,hypo,CHG,Exon
6.65811652578936,0.00150182384736561,6.65812196050738,nu,largedata/revise_ft_sep/dsfs_pop3_gf_CHG_Exon_teo-hypo_5e+05_ft.RData,5e+05,dsfs,hypo,CHG,Exon
5.33815366760208,0.00199154351680344,5.3381710963418,mu,largedata/revise_ft_sep/dsfs_pop3_gf_CHG_Exon_teo-hypo_5e+05_ft.RData,5e+05,dsfs,hypo,CHG,Exon
2.0899971143996,0.0830337685723293,2.09477358538652,s,largedata/revise_ft_sep/dsfs_pop3_gf_CHG_Gene_down_5k_teo-hyper_1e+05_ft.RData,1e+05,dsfs,hyper,CHG,Gene_down_5k
4.69869435786902,0.0119556660896019,4.69932130453081,nu,largedata/revise_ft_sep/dsfs_pop3_gf_CHG_Gene_down_5k_teo-hyper_1e+05_ft.RData,1e+05,dsfs,hyper,CHG,Gene_down_5k
5.17934802215848,0.00153842533408603,5.17934667034227,mu,largedata/revise_ft_sep/dsfs_pop3_gf_CHG_Gene_down_5k_teo-hyper_1e+05_ft.RData,1e+05,dsfs,hyper,CHG,Gene_down_5k
2.11728749626177,0.0857285187525873,2.11292584439609,s,largedata/revise_ft_sep/dsfs_pop3_gf_CHG_Gene_down_5k_teo-hyper_1e+06_ft.RData,1e+06,dsfs,hyper,CHG,Gene_down_5k
5.70250071422778,0.0124692191501682,5.70169975784696,nu,largedata/revise_ft_sep/dsfs_pop3_gf_CHG_Gene_down_5k_teo-hyper_1e+06_ft.RData,1e+06,dsfs,hyper,CHG,Gene_down_5k
6.17884377058899,0.00158293693894846,6.17886548790616,mu,largedata/revise_ft_sep/dsfs_pop3_gf_CHG_Gene_down_5k_teo-hyper_1e+06_ft.RData,1e+06,dsfs,hyper,CHG,Gene_down_5k
2.04022143754328,0.0866408740846269,2.03564234501376,s,largedata/revise_ft_sep/dsfs_pop3_gf_CHG_Gene_down_5k_teo-hyper_50000_ft.RData,50000,dsfs,hyper,CHG,Gene_down_5k
4.39067435031603,0.0123580335688845,4.38991157008252,nu,largedata/revise_ft_sep/dsfs_pop3_gf_CHG_Gene_down_5k_teo-hyper_50000_ft.RData,50000,dsfs,hyper,CHG,Gene_down_5k
4.87913979223437,0.00158294516540671,4.87919660075104,mu,largedata/revise_ft_sep/dsfs_pop3_gf_CHG_Gene_down_5k_teo-hyper_50000_ft.RData,50000,dsfs,hyper,CHG,Gene_down_5k
2.11126184051407,0.0853343764221852,2.10537187148975,s,largedata/revise_ft_sep/dsfs_pop3_gf_CHG_Gene_down_5k_teo-hyper_5e+05_ft.RData,5e+05,dsfs,hyper,CHG,Gene_down_5k
5.40057478568252,0.0124559562094617,5.39949128802643,nu,largedata/revise_ft_sep/dsfs_pop3_gf_CHG_Gene_down_5k_teo-hyper_5e+05_ft.RData,5e+05,dsfs,hyper,CHG,Gene_down_5k
5.87789822767348,0.00153379445282415,5.87793301183833,mu,largedata/revise_ft_sep/dsfs_pop3_gf_CHG_Gene_down_5k_teo-hyper_5e+05_ft.RData,5e+05,dsfs,hyper,CHG,Gene_down_5k
1.7829912827566,0.0637518540599414,1.78090856847913,s,largedata/revise_ft_sep/dsfs_pop3_gf_CHG_Gene_down_5k_teo-hypo_1e+05_ft.RData,1e+05,dsfs,hypo,CHG,Gene_down_5k
5.88390756257376,0.00179524101323535,5.88391987633858,nu,largedata/revise_ft_sep/dsfs_pop3_gf_CHG_Gene_down_5k_teo-hypo_1e+05_ft.RData,1e+05,dsfs,hypo,CHG,Gene_down_5k
4.56883435011907,0.00758603423490615,4.56901771982494,mu,largedata/revise_ft_sep/dsfs_pop3_gf_CHG_Gene_down_5k_teo-hypo_1e+05_ft.RData,1e+05,dsfs,hypo,CHG,Gene_down_5k
1.83208299459971,0.0560007060735122,1.82925932864646,s,largedata/revise_ft_sep/dsfs_pop3_gf_CHG_Gene_down_5k_teo-hypo_1e+06_ft.RData,1e+06,dsfs,hypo,CHG,Gene_down_5k
6.88483736946626,0.00170421010746695,6.88482676291924,nu,largedata/revise_ft_sep/dsfs_pop3_gf_CHG_Gene_down_5k_teo-hypo_1e+06_ft.RData,1e+06,dsfs,hypo,CHG,Gene_down_5k
5.56302026663856,0.00657211493221312,5.5633240520921,mu,largedata/revise_ft_sep/dsfs_pop3_gf_CHG_Gene_down_5k_teo-hypo_1e+06_ft.RData,1e+06,dsfs,hypo,CHG,Gene_down_5k
1.72801743583203,0.0614914375596567,1.72077156035777,s,largedata/revise_ft_sep/dsfs_pop3_gf_CHG_Gene_down_5k_teo-hypo_50000_ft.RData,50000,dsfs,hypo,CHG,Gene_down_5k
5.58183298916684,0.00176884359321397,5.58182596058602,nu,largedata/revise_ft_sep/dsfs_pop3_gf_CHG_Gene_down_5k_teo-hypo_50000_ft.RData,50000,dsfs,hypo,CHG,Gene_down_5k
4.2743818326962,0.00738690425557667,4.27525204198148,mu,largedata/revise_ft_sep/dsfs_pop3_gf_CHG_Gene_down_5k_teo-hypo_50000_ft.RData,50000,dsfs,hypo,CHG,Gene_down_5k
1.84472689748922,0.063304903186064,1.84252569046608,s,largedata/revise_ft_sep/dsfs_pop3_gf_CHG_Gene_down_5k_teo-hypo_5e+05_ft.RData,5e+05,dsfs,hypo,CHG,Gene_down_5k
6.58402854817471,0.00177480903452568,6.58400514612462,nu,largedata/revise_ft_sep/dsfs_pop3_gf_CHG_Gene_down_5k_teo-hypo_5e+05_ft.RData,5e+05,dsfs,hypo,CHG,Gene_down_5k
5.26051987001469,0.00740624292396768,5.26072109916732,mu,largedata/revise_ft_sep/dsfs_pop3_gf_CHG_Gene_down_5k_teo-hypo_5e+05_ft.RData,5e+05,dsfs,hypo,CHG,Gene_down_5k
2.53048225005408,0.0814174208615222,2.53214087003095,s,largedata/revise_ft_sep/dsfs_pop3_gf_CHG_Gene_up_5k_teo-hyper_1e+05_ft.RData,1e+05,dsfs,hyper,CHG,Gene_up_5k
4.76195032880697,0.01346061546353,4.76193889980402,nu,largedata/revise_ft_sep/dsfs_pop3_gf_CHG_Gene_up_5k_teo-hyper_1e+05_ft.RData,1e+05,dsfs,hyper,CHG,Gene_up_5k
5.1687149729911,0.00148266182416041,5.16871663589059,mu,largedata/revise_ft_sep/dsfs_pop3_gf_CHG_Gene_up_5k_teo-hyper_1e+05_ft.RData,1e+05,dsfs,hyper,CHG,Gene_up_5k
2.55969188035227,0.0769409072987186,2.56145432679344,s,largedata/revise_ft_sep/dsfs_pop3_gf_CHG_Gene_up_5k_teo-hyper_1e+06_ft.RData,1e+06,dsfs,hyper,CHG,Gene_up_5k
5.76668764830453,0.0128420579752652,5.7669781201104,nu,largedata/revise_ft_sep/dsfs_pop3_gf_CHG_Gene_up_5k_teo-hyper_1e+06_ft.RData,1e+06,dsfs,hyper,CHG,Gene_up_5k
6.16821228261326,0.001414903897686,6.16821984242328,mu,largedata/revise_ft_sep/dsfs_pop3_gf_CHG_Gene_up_5k_teo-hyper_1e+06_ft.RData,1e+06,dsfs,hyper,CHG,Gene_up_5k
2.53341892832291,0.0765181902985581,2.53212372420274,s,largedata/revise_ft_sep/dsfs_pop3_gf_CHG_Gene_up_5k_teo-hyper_50000_ft.RData,50000,dsfs,hyper,CHG,Gene_up_5k
4.46153919163621,0.0127345629522006,4.4610709357024,nu,largedata/revise_ft_sep/dsfs_pop3_gf_CHG_Gene_up_5k_teo-hyper_50000_ft.RData,50000,dsfs,hyper,CHG,Gene_up_5k
4.8677031458852,0.00142102756067763,4.8677776613754,mu,largedata/revise_ft_sep/dsfs_pop3_gf_CHG_Gene_up_5k_teo-hyper_50000_ft.RData,50000,dsfs,hyper,CHG,Gene_up_5k
2.5260534924007,0.0885965904917094,2.5223399387112,s,largedata/revise_ft_sep/dsfs_pop3_gf_CHG_Gene_up_5k_teo-hyper_5e+05_ft.RData,5e+05,dsfs,hyper,CHG,Gene_up_5k
5.46018504416666,0.0146311149772973,5.45926041663489,nu,largedata/revise_ft_sep/dsfs_pop3_gf_CHG_Gene_up_5k_teo-hyper_5e+05_ft.RData,5e+05,dsfs,hyper,CHG,Gene_up_5k
5.86774139285688,0.00159992772765725,5.8677486742032,mu,largedata/revise_ft_sep/dsfs_pop3_gf_CHG_Gene_up_5k_teo-hyper_5e+05_ft.RData,5e+05,dsfs,hyper,CHG,Gene_up_5k
2.01059625039122,0.0600702860042394,2.00776050305536,s,largedata/revise_ft_sep/dsfs_pop3_gf_CHG_Gene_up_5k_teo-hypo_1e+05_ft.RData,1e+05,dsfs,hypo,CHG,Gene_up_5k
5.86777636577265,0.00181924305195022,5.86775726660151,nu,largedata/revise_ft_sep/dsfs_pop3_gf_CHG_Gene_up_5k_teo-hypo_1e+05_ft.RData,1e+05,dsfs,hypo,CHG,Gene_up_5k
4.54945014189439,0.00679359369441752,4.5497827901438,mu,largedata/revise_ft_sep/dsfs_pop3_gf_CHG_Gene_up_5k_teo-hypo_1e+05_ft.RData,1e+05,dsfs,hypo,CHG,Gene_up_5k
2.06206841064415,0.0588312562123146,2.06102950751899,s,largedata/revise_ft_sep/dsfs_pop3_gf_CHG_Gene_up_5k_teo-hypo_1e+06_ft.RData,1e+06,dsfs,hypo,CHG,Gene_up_5k
6.86878530648591,0.00178680416152975,6.86880307602011,nu,largedata/revise_ft_sep/dsfs_pop3_gf_CHG_Gene_up_5k_teo-hypo_1e+06_ft.RData,1e+06,dsfs,hypo,CHG,Gene_up_5k
5.54366563007759,0.00659157327272002,5.54376016350024,mu,largedata/revise_ft_sep/dsfs_pop3_gf_CHG_Gene_up_5k_teo-hypo_1e+06_ft.RData,1e+06,dsfs,hypo,CHG,Gene_up_5k
1.94330179149786,0.0595150146697043,1.93670746771463,s,largedata/revise_ft_sep/dsfs_pop3_gf_CHG_Gene_up_5k_teo-hypo_50000_ft.RData,50000,dsfs,hypo,CHG,Gene_up_5k
5.56539462879618,0.00179954122044319,5.56536070257042,nu,largedata/revise_ft_sep/dsfs_pop3_gf_CHG_Gene_up_5k_teo-hypo_50000_ft.RData,50000,dsfs,hypo,CHG,Gene_up_5k
4.25606343345123,0.00682382110374298,4.25682387713944,mu,largedata/revise_ft_sep/dsfs_pop3_gf_CHG_Gene_up_5k_teo-hypo_50000_ft.RData,50000,dsfs,hypo,CHG,Gene_up_5k
2.05376664220921,0.0626146447357238,2.05013187350293,s,largedata/revise_ft_sep/dsfs_pop3_gf_CHG_Gene_up_5k_teo-hypo_5e+05_ft.RData,5e+05,dsfs,hypo,CHG,Gene_up_5k
6.56757230428486,0.00184157251850139,6.56752584254185,nu,largedata/revise_ft_sep/dsfs_pop3_gf_CHG_Gene_up_5k_teo-hypo_5e+05_ft.RData,5e+05,dsfs,hypo,CHG,Gene_up_5k
5.24356228878971,0.00699621735343721,5.24392960617544,mu,largedata/revise_ft_sep/dsfs_pop3_gf_CHG_Gene_up_5k_teo-hypo_5e+05_ft.RData,5e+05,dsfs,hypo,CHG,Gene_up_5k
0.00312560668654487,0.0027908371052142,0.00223308057963934,s,largedata/revise_ft_sep/dsfs_pop3_gf_CHG_Intergenic_teo-hyper_1e+05_ft.RData,1e+05,dsfs,hyper,CHG,Intergenic
4.32883802159934,0.000601656350113355,4.3288184657736,nu,largedata/revise_ft_sep/dsfs_pop3_gf_CHG_Intergenic_teo-hyper_1e+05_ft.RData,1e+05,dsfs,hyper,CHG,Intergenic
5.14845210624251,0.000546183729581606,5.1484535028651,mu,largedata/revise_ft_sep/dsfs_pop3_gf_CHG_Intergenic_teo-hyper_1e+05_ft.RData,1e+05,dsfs,hyper,CHG,Intergenic
0.00311341503482741,0.00274237042790647,0.00222745182858557,s,largedata/revise_ft_sep/dsfs_pop3_gf_CHG_Intergenic_teo-hyper_1e+06_ft.RData,1e+06,dsfs,hyper,CHG,Intergenic
5.32884641142246,0.000590943328597521,5.32883848392715,nu,largedata/revise_ft_sep/dsfs_pop3_gf_CHG_Intergenic_teo-hyper_1e+06_ft.RData,1e+06,dsfs,hyper,CHG,Intergenic
6.14846575039582,0.000548679957699785,6.14846419449639,mu,largedata/revise_ft_sep/dsfs_pop3_gf_CHG_Intergenic_teo-hyper_1e+06_ft.RData,1e+06,dsfs,hyper,CHG,Intergenic
0.00304766931292156,0.00263929342063266,0.00216489003175462,s,largedata/revise_ft_sep/dsfs_pop3_gf_CHG_Intergenic_teo-hyper_50000_ft.RData,50000,dsfs,hyper,CHG,Intergenic
4.02783286642815,0.000597265110092388,4.02784029839067,nu,largedata/revise_ft_sep/dsfs_pop3_gf_CHG_Intergenic_teo-hyper_50000_ft.RData,50000,dsfs,hyper,CHG,Intergenic
4.84744945137085,0.000555373153810099,4.84746000825118,mu,largedata/revise_ft_sep/dsfs_pop3_gf_CHG_Intergenic_teo-hyper_50000_ft.RData,50000,dsfs,hyper,CHG,Intergenic
0.00318764902225086,0.00279529645222983,0.0022466700929759,s,largedata/revise_ft_sep/dsfs_pop3_gf_CHG_Intergenic_teo-hyper_5e+05_ft.RData,5e+05,dsfs,hyper,CHG,Intergenic
5.02776953597636,0.000603172507473972,5.02776070857933,nu,largedata/revise_ft_sep/dsfs_pop3_gf_CHG_Intergenic_teo-hyper_5e+05_ft.RData,5e+05,dsfs,hyper,CHG,Intergenic
5.8473850222653,0.000545932641331007,5.84737265388803,mu,largedata/revise_ft_sep/dsfs_pop3_gf_CHG_Intergenic_teo-hyper_5e+05_ft.RData,5e+05,dsfs,hyper,CHG,Intergenic
3.25281813585044,0.0762342846954339,3.25495187619822,s,largedata/revise_ft_sep/dsfs_pop3_gf_CHG_Intergenic_teo-hypo_1e+05_ft.RData,1e+05,dsfs,hypo,CHG,Intergenic
5.67562175485584,0.00326315029126993,5.67564089899828,nu,largedata/revise_ft_sep/dsfs_pop3_gf_CHG_Intergenic_teo-hypo_1e+05_ft.RData,1e+05,dsfs,hypo,CHG,Intergenic
4.46889969360587,0.00649831543884881,4.46866974215625,mu,largedata/revise_ft_sep/dsfs_pop3_gf_CHG_Intergenic_teo-hypo_1e+05_ft.RData,1e+05,dsfs,hypo,CHG,Intergenic
3.33675763328544,0.0776422050088643,3.33928661580354,s,largedata/revise_ft_sep/dsfs_pop3_gf_CHG_Intergenic_teo-hypo_1e+06_ft.RData,1e+06,dsfs,hypo,CHG,Intergenic
6.678156176874,0.00326382477640157,6.67814463757743,nu,largedata/revise_ft_sep/dsfs_pop3_gf_CHG_Intergenic_teo-hypo_1e+06_ft.RData,1e+06,dsfs,hypo,CHG,Intergenic
5.46181227065374,0.00655209889128938,5.46152411291642,mu,largedata/revise_ft_sep/dsfs_pop3_gf_CHG_Intergenic_teo-hypo_1e+06_ft.RData,1e+06,dsfs,hypo,CHG,Intergenic
3.15530673841732,0.0752805571891814,3.15469973245156,s,largedata/revise_ft_sep/dsfs_pop3_gf_CHG_Intergenic_teo-hypo_50000_ft.RData,50000,dsfs,hypo,CHG,Intergenic
5.37163443106799,0.00321213784726091,5.37161860189779,nu,largedata/revise_ft_sep/dsfs_pop3_gf_CHG_Intergenic_teo-hypo_50000_ft.RData,50000,dsfs,hypo,CHG,Intergenic
4.17623859114069,0.00655581282045931,4.17624524392891,mu,largedata/revise_ft_sep/dsfs_pop3_gf_CHG_Intergenic_teo-hypo_50000_ft.RData,50000,dsfs,hypo,CHG,Intergenic
3.33298305911887,0.0788290686356855,3.32939546921002,s,largedata/revise_ft_sep/dsfs_pop3_gf_CHG_Intergenic_teo-hypo_5e+05_ft.RData,5e+05,dsfs,hypo,CHG,Intergenic
6.37694659439998,0.00331582053263611,6.37698223059421,nu,largedata/revise_ft_sep/dsfs_pop3_gf_CHG_Intergenic_teo-hypo_5e+05_ft.RData,5e+05,dsfs,hypo,CHG,Intergenic
5.16107040752595,0.00663256537804176,5.16140611625734,mu,largedata/revise_ft_sep/dsfs_pop3_gf_CHG_Intergenic_teo-hypo_5e+05_ft.RData,5e+05,dsfs,hypo,CHG,Intergenic
0.748366352335819,0.0916857982847272,0.741885063855417,s,largedata/revise_ft_sep/dsfs_pop3_gf_CHG_Intron_teo-hyper_1e+05_ft.RData,1e+05,dsfs,hyper,CHG,Intron
4.70810487039377,0.0138425490989489,4.70701618497498,nu,largedata/revise_ft_sep/dsfs_pop3_gf_CHG_Intron_teo-hyper_1e+05_ft.RData,1e+05,dsfs,hyper,CHG,Intron
5.38716835291134,0.00219810644660621,5.38724496408216,mu,largedata/revise_ft_sep/dsfs_pop3_gf_CHG_Intron_teo-hyper_1e+05_ft.RData,1e+05,dsfs,hyper,CHG,Intron
0.778717234671858,0.0882226374819568,0.777945358842951,s,largedata/revise_ft_sep/dsfs_pop3_gf_CHG_Intron_teo-hyper_1e+06_ft.RData,1e+06,dsfs,hyper,CHG,Intron
5.71251034841384,0.0133673406544457,5.71221670240828,nu,largedata/revise_ft_sep/dsfs_pop3_gf_CHG_Intron_teo-hyper_1e+06_ft.RData,1e+06,dsfs,hyper,CHG,Intron
6.38648790820918,0.00218107711744563,6.38648645362885,mu,largedata/revise_ft_sep/dsfs_pop3_gf_CHG_Intron_teo-hyper_1e+06_ft.RData,1e+06,dsfs,hyper,CHG,Intron
0.730354565114765,0.0956365057301241,0.725596507619871,s,largedata/revise_ft_sep/dsfs_pop3_gf_CHG_Intron_teo-hyper_50000_ft.RData,50000,dsfs,hyper,CHG,Intron
4.40453990523704,0.0143379723846112,4.40356444752483,nu,largedata/revise_ft_sep/dsfs_pop3_gf_CHG_Intron_teo-hyper_50000_ft.RData,50000,dsfs,hyper,CHG,Intron
5.08656116874161,0.00228882703753113,5.08662562487771,mu,largedata/revise_ft_sep/dsfs_pop3_gf_CHG_Intron_teo-hyper_50000_ft.RData,50000,dsfs,hyper,CHG,Intron
0.789164958226926,0.0850231189136142,0.787554035310803,s,largedata/revise_ft_sep/dsfs_pop3_gf_CHG_Intron_teo-hyper_5e+05_ft.RData,5e+05,dsfs,hyper,CHG,Intron
5.41301614654629,0.0129349487606331,5.41269700546047,nu,largedata/revise_ft_sep/dsfs_pop3_gf_CHG_Intron_teo-hyper_5e+05_ft.RData,5e+05,dsfs,hyper,CHG,Intron
6.08522694074991,0.00211474138039988,6.08524051950183,mu,largedata/revise_ft_sep/dsfs_pop3_gf_CHG_Intron_teo-hyper_5e+05_ft.RData,5e+05,dsfs,hyper,CHG,Intron
0.00232492461149931,0.0020543208551641,0.00162188583272212,s,largedata/revise_ft_sep/dsfs_pop3_gf_CHG_Intron_teo-hypo_1e+05_ft.RData,1e+05,dsfs,hypo,CHG,Intron
5.90970341177355,0.0013491635496147,5.90973570155563,nu,largedata/revise_ft_sep/dsfs_pop3_gf_CHG_Intron_teo-hypo_1e+05_ft.RData,1e+05,dsfs,hypo,CHG,Intron
4.67142486943519,0.00179031698937022,4.67144067930858,mu,largedata/revise_ft_sep/dsfs_pop3_gf_CHG_Intron_teo-hypo_1e+05_ft.RData,1e+05,dsfs,hypo,CHG,Intron
0.00239381012960977,0.00209470706086379,0.00169112047687605,s,largedata/revise_ft_sep/dsfs_pop3_gf_CHG_Intron_teo-hypo_1e+06_ft.RData,1e+06,dsfs,hypo,CHG,Intron
6.90962305789343,0.00136090683822884,6.90962895300538,nu,largedata/revise_ft_sep/dsfs_pop3_gf_CHG_Intron_teo-hypo_1e+06_ft.RData,1e+06,dsfs,hypo,CHG,Intron
5.6712992693565,0.00179358028347852,5.67129669305726,mu,largedata/revise_ft_sep/dsfs_pop3_gf_CHG_Intron_teo-hypo_1e+06_ft.RData,1e+06,dsfs,hypo,CHG,Intron
0.00220226696507402,0.00195312184513178,0.00154415528171537,s,largedata/revise_ft_sep/dsfs_pop3_gf_CHG_Intron_teo-hypo_50000_ft.RData,50000,dsfs,hypo,CHG,Intron
5.60875431655928,0.00137287992556299,5.60875714725583,nu,largedata/revise_ft_sep/dsfs_pop3_gf_CHG_Intron_teo-hypo_50000_ft.RData,50000,dsfs,hypo,CHG,Intron
4.37057549483498,0.00179579460340524,4.37061110358735,mu,largedata/revise_ft_sep/dsfs_pop3_gf_CHG_Intron_teo-hypo_50000_ft.RData,50000,dsfs,hypo,CHG,Intron
0.00237256566580521,0.00208056458613969,0.00166197981875952,s,largedata/revise_ft_sep/dsfs_pop3_gf_CHG_Intron_teo-hypo_5e+05_ft.RData,5e+05,dsfs,hypo,CHG,Intron
6.60859895048073,0.00136747529606358,6.60859902044041,nu,largedata/revise_ft_sep/dsfs_pop3_gf_CHG_Intron_teo-hypo_5e+05_ft.RData,5e+05,dsfs,hypo,CHG,Intron
5.37027325167743,0.00179536966300703,5.37027109955192,mu,largedata/revise_ft_sep/dsfs_pop3_gf_CHG_Intron_teo-hypo_5e+05_ft.RData,5e+05,dsfs,hypo,CHG,Intron
0.000325548938487824,0.000284521658924302,0.000229676216743689,s,largedata/revise_ft_sep/dsfs_pop3_gf_CHG_TE_teo-hyper_1e+05_ft.RData,1e+05,dsfs,hyper,CHG,TE
4.28200061583371,0.000273445088240797,4.28200066376437,nu,largedata/revise_ft_sep/dsfs_pop3_gf_CHG_TE_teo-hyper_1e+05_ft.RData,1e+05,dsfs,hyper,CHG,TE
5.07983338690879,0.000261967903152422,5.07983618330264,mu,largedata/revise_ft_sep/dsfs_pop3_gf_CHG_TE_teo-hyper_1e+05_ft.RData,1e+05,dsfs,hyper,CHG,TE
0.000329578285625754,0.00028351005814227,0.00023474004125364,s,largedata/revise_ft_sep/dsfs_pop3_gf_CHG_TE_teo-hyper_1e+06_ft.RData,1e+06,dsfs,hyper,CHG,TE
5.281979590291,0.000264181487007837,5.28198192230141,nu,largedata/revise_ft_sep/dsfs_pop3_gf_CHG_TE_teo-hyper_1e+06_ft.RData,1e+06,dsfs,hyper,CHG,TE
6.07981405274074,0.000251119594954305,6.07980779898279,mu,largedata/revise_ft_sep/dsfs_pop3_gf_CHG_TE_teo-hyper_1e+06_ft.RData,1e+06,dsfs,hyper,CHG,TE
0.000322761234557034,0.000279997312146987,0.00022764905019328,s,largedata/revise_ft_sep/dsfs_pop3_gf_CHG_TE_teo-hyper_50000_ft.RData,50000,dsfs,hyper,CHG,TE
3.98094916625515,0.000271784557559578,3.98095433822239,nu,largedata/revise_ft_sep/dsfs_pop3_gf_CHG_TE_teo-hyper_50000_ft.RData,50000,dsfs,hyper,CHG,TE
4.77878404049492,0.000260865447526504,4.7787874751241,mu,largedata/revise_ft_sep/dsfs_pop3_gf_CHG_TE_teo-hyper_50000_ft.RData,50000,dsfs,hyper,CHG,TE
0.000328112247511327,0.000281999929424557,0.000233476481287265,s,largedata/revise_ft_sep/dsfs_pop3_gf_CHG_TE_teo-hyper_5e+05_ft.RData,5e+05,dsfs,hyper,CHG,TE
4.98092987501586,0.000267056494422292,4.98092500488856,nu,largedata/revise_ft_sep/dsfs_pop3_gf_CHG_TE_teo-hyper_5e+05_ft.RData,5e+05,dsfs,hyper,CHG,TE
5.77876403560462,0.000256418954650119,5.77875979568119,mu,largedata/revise_ft_sep/dsfs_pop3_gf_CHG_TE_teo-hyper_5e+05_ft.RData,5e+05,dsfs,hyper,CHG,TE
2.9505396432867,0.0378382005606071,2.94806888600161,s,largedata/revise_ft_sep/dsfs_pop3_gf_CHG_TE_teo-hypo_1e+05_ft.RData,1e+05,dsfs,hypo,CHG,TE
5.89524557521378,0.00181702056606245,5.89521308911823,nu,largedata/revise_ft_sep/dsfs_pop3_gf_CHG_TE_teo-hypo_1e+05_ft.RData,1e+05,dsfs,hypo,CHG,TE
4.52920335542683,0.00385010322050354,4.52947841719375,mu,largedata/revise_ft_sep/dsfs_pop3_gf_CHG_TE_teo-hypo_1e+05_ft.RData,1e+05,dsfs,hypo,CHG,TE
2.97723762415739,0.03888920552956,2.9742819960529,s,largedata/revise_ft_sep/dsfs_pop3_gf_CHG_TE_teo-hypo_1e+06_ft.RData,1e+06,dsfs,hypo,CHG,TE
6.89599423670399,0.00182983612063635,6.89594536401796,nu,largedata/revise_ft_sep/dsfs_pop3_gf_CHG_TE_teo-hypo_1e+06_ft.RData,1e+06,dsfs,hypo,CHG,TE
5.52648831689541,0.00393727622822878,5.52675258923065,mu,largedata/revise_ft_sep/dsfs_pop3_gf_CHG_TE_teo-hypo_1e+06_ft.RData,1e+06,dsfs,hypo,CHG,TE
2.92434681888199,0.0414592583712998,2.92667035644295,s,largedata/revise_ft_sep/dsfs_pop3_gf_CHG_TE_teo-hypo_50000_ft.RData,50000,dsfs,hypo,CHG,TE
5.59343770746518,0.00187766757140513,5.59342985670184,nu,largedata/revise_ft_sep/dsfs_pop3_gf_CHG_TE_teo-hypo_50000_ft.RData,50000,dsfs,hypo,CHG,TE
4.23083788863075,0.00424692742099598,4.23059154903044,mu,largedata/revise_ft_sep/dsfs_pop3_gf_CHG_TE_teo-hypo_50000_ft.RData,50000,dsfs,hypo,CHG,TE
2.97647473517893,0.0407702331997483,2.97432665283694,s,largedata/revise_ft_sep/dsfs_pop3_gf_CHG_TE_teo-hypo_5e+05_ft.RData,5e+05,dsfs,hypo,CHG,TE
6.59496191002285,0.00188099028767095,6.59493742723302,nu,largedata/revise_ft_sep/dsfs_pop3_gf_CHG_TE_teo-hypo_5e+05_ft.RData,5e+05,dsfs,hypo,CHG,TE
5.22554325970326,0.00412868352820757,5.22578546072679,mu,largedata/revise_ft_sep/dsfs_pop3_gf_CHG_TE_teo-hypo_5e+05_ft.RData,5e+05,dsfs,hypo,CHG,TE
